{
  "multiplier_sensitivity": {
    "1.0": 1054,
    "1.1": 1054,
    "1.2000000000000002": 1051,
    "1.3000000000000003": 1049,
    "1.4000000000000004": 1049,
    "1.5000000000000004": 1047,
    "1.6000000000000005": 1043,
    "1.7000000000000006": 1040,
    "1.8000000000000007": 1036,
    "1.9000000000000008": 1034,
    "2.000000000000001": 1032,
    "2.100000000000001": 1028,
    "2.200000000000001": 1026,
    "2.300000000000001": 1024,
    "2.4000000000000012": 1022,
    "2.5000000000000013": 1020,
    "2.6000000000000014": 1016,
    "2.7000000000000015": 1013,
    "2.8000000000000016": 1013,
    "2.9000000000000017": 1007,
    "3.0000000000000018": 1004,
    "3.100000000000002": 1000,
    "3.200000000000002": 998,
    "3.300000000000002": 992,
    "3.400000000000002": 986,
    "3.500000000000002": 983,
    "3.6000000000000023": 981,
    "3.7000000000000024": 980,
    "3.8000000000000025": 975,
    "3.9000000000000026": 971,
    "4.000000000000003": 968
  },
  "percentile_sensitivity": {
    "5-95": 0,
    "7-93": 246,
    "9-91": 341,
    "11-89": 341,
    "13-87": 341,
    "15-85": 341,
    "17-83": 374,
    "19-81": 407,
    "21-79": 871,
    "23-77": 1047,
    "25-75": 1047,
    "27-73": 1047,
    "29-71": 1063
  }
}